Page ID,Party,Page Name,Disclaimer,Amount Spent (EUR),Number of Ads in Library,valid_adds
609816282477420,FvD,Forum voor Democratie -FVD,Forum voor Democratie -FVD,671853,863,no
320374518118,CDA,CDA,CDA,649255,7593,no
52985377549,D66,D66,D66,423186,2235,no
121264564551002,VVD,VVD,VVD,405312,6755,no
175740570505,GroenLinks,GroenLinks,GroenLinks,175075,888,no
113895885305052,PvdA,Partij van de Arbeid (PvdA),Partij van de Arbeid (PvdA),154452,4866,no
146644665960101,VOLT NL,Volt Nederland,Volt Nederland,97673,1310,no
102287806490622,PvdD,Partij voor de Dieren,Partij voor de Dieren,90187,158,no
106020448037192,JA21,JA21,JA21.nl,66031,105,no
717249231795539,BIJ1,BIJ1,BIJ1,38401,156,no
1550088745275913,DENK,DENK,DENK,36162,411,no
125663380814227,Libertaire Partij - LP,Libertaire Partij - LP,Libertaire Partij - LP,28213,160,no
338750440106782,BBB,BBB Boerburgerbeweging,BoerBurgerBeweging,25428,79,no
211661062254003,ChristenUnie,ChristenUnie,ChristenUnie,23630,132,no
2282333235129671,Code Oranje,Code Oranje,Code Oranje,17183,148,no
481539345557642,JONG,JONG,Vereniging voor Jonge Politiek in Nederland,15743,172,no
112246298811452,PvdA,Jonge Socialisten in de PvdA,Jonge Socialisten in de PvdA,14316,190,no
347623668624706,50PLUSpartij,50PLUSpartij,ZH i.o.v. 50PLUS,13022,86,no
433611050005553,SGP,SGP,SGP,8170,56,no
1438054859744079,NIDA,NIDA,NIDA,6415,47,no
111834750560059,NLBeter,NLBeter,Nederland Beter,5036,75,no
347623668624706,50PLUSpartij,50PLUSpartij,Zoekhelden B.V.,4902,25,no
135642563196256,CDA,"CDJA, CDA-jongeren",CDJA,4873,31,no
609816282477420,FvD,Forum voor Democratie -FVD,These ads ran without a disclaimer,4787,16,yes
347623668624706,50PLUSpartij,50PLUSpartij,VLG,4398,47,no
152313778157632,VVD,De Amsterdamse VVD,de Amsterdamse VVD,4189,39,no
347623668624706,50PLUSpartij,50PLUSpartij,These ads ran without a disclaimer,3345,10,yes
320374518118,CDA,CDA,These ads ran without a disclaimer,2885,3,yes
374461422625101,PvdA,PvdA Haarlem,Partij van de Arbeid,2874,59,no
759417477428801,PvdA,PvdA Zeeland,Partij van de Arbeid,2537,12,no
402039413225497,ChristenUnie,ChristenUnie Zwolle,ChristenUnie Zwolle,2496,24,no
208032132579030,PvdA,PvdA Groningen,PvdA-fractie Groningen,2487,128,no
195643057135775,PvdD,Partij voor de Dieren Zuid-Holland,Partij voor de Dieren Zuid Holland,2485,39,no
550151728397109,CDA,CDA Drenthe,CDA Drenthe,2214,32,no
627201893971363,PvdA,Pvda Den Bosch,PvdA Den Bosch,2184,61,no
101124991879374,Splinter,Splinter,Frank Van Kooten,2104,9,no
1530277467215488,VVD,VVD Drenthe,VVD,2073,32,no
327605354041024,CDA,CDA Zeeland,CDA Zeeland,2043,21,no
206932742776182,CDA,CDA Overijssel,CDA Overijssel,2013,20,no
175658419295023,CDA,CDA Den Haag,CDA,1927,62,no
121264564551002,VVD,VVD,These ads ran without a disclaimer,1910,86,yes
146644665960101,VOLT NL,Volt Nederland,These ads ran without a disclaimer,1870,36,yes
272033265993,D66,D66 Utrecht,D66,1695,9,no
1523833891223465,CDA,CDA Zuid-Holland,CDA Zuid-Holland,1616,52,no
408987755826785,SP,SP Arnhem,Gerrie Elfrink,1572,31,no
125382950819455,SP,SP Groningen,SP Groningen,1562,24,no
610950552253067,GroenLinks,"DWARS, GroenLinkse Jongeren","DWARS, GroenLinkse Jongeren",1526,12,no
223379487703566,VVD,VVD Westland,VVD Westland,1435,3,no
208032132579030,PvdA,PvdA Groningen,PvdA Groningen,1355,45,no
134898129893433,SGP,SGP-jongeren,SGP-jongeren,1332,29,no
235718236590845,D66,D66 Haarlem,Marc Dinsbach,1312,23,no
1345685305522860,D66,D66 Oisterwijk,D66,1276,19,no
167833720446018,Piratenpartij,Piratenpartij Utrecht - PPU,Piratenpartij Utrecht,1258,7,no
154456451319810,VVD,De Rotterdamse VVD,De Rotterdamse VVD,1228,15,no
282108071911694,ChristenUnie,ChristenUnie Amsterdam,ChristenUnie Amsterdam,1224,24,no
225922380838567,D66,D66 Groningen,D66 Groningen,1210,14,no
628289240576959,D66,D66 Boxtel,D66,1143,17,no
130377573838100,CDA,CDA Amersfoort,CDA Amersfoort,1083,12,no
130487254323668,D66,D66 Eemsdelta,D66,1076,20,no
219315465900,SP,"ROOD, jong in de SP",These ads ran without a disclaimer,1052,9,yes
133610523380150,GroenLinks,GroenLinks Den Haag,GroenLinks Den Haag,1049,37,no
190869220945975,PvdA,PvdA Den Haag,PvdA Den Haag,1039,24,no
334224188495,GroenLinks,GroenLinks Leiden,GroenLinks Leiden,1028,24,no
1412530858983763,PvdA,PvdA Goes,Marco Eestermans,1007,34,no
306407210253856,FvD,FVD Noord-Brabant,st. onderst. statenfractie FVD Noord-Brabant,978,31,no
346704992122344,VVD,VVD Bunschoten,VVD Bunschoten,911,25,no
175740570505,GroenLinks,GroenLinks,These ads ran without a disclaimer,884,5,yes
154456451319810,VVD,De Rotterdamse VVD,De Rotterdamse VVD,819,17,no
290810577595982,D66,D66 Amsterdam,D66,816,9,no
773700796038689,CDA,CDA Provincie Groningen,CDA provincie Groningen,809,21,no
305812906126532,VVD,VVD Goeree-Overflakkee,VVD Goeree-Overflakkee,796,24,no
449240315186621,VVD,De Boxtelse VVD,De Boxtelse VVD,774,65,no
114631488645360,VVD,De Haagse VVD,De Haagse VVD,766,25,no
116050085145365,GroenLinks,GroenLinks Rotterdam,GroenLinks Rotterdam,764,54,no
155956504541781,VVD,VVD Oisterwijk,VVD Oisterwijk,746,36,no
535450106537661,CDA,CDA Amsterdam,CDA Amsterdam,745,5,no
197515056951719,VVD,VVD Wassenaar,Demarteau Lucas Sebastian,698,5,no
112246298811452,PvdA,Jonge Socialisten in de PvdA,These ads ran without a disclaimer,661,4,yes
377484722432934,PvdA,PvdA Provincie Utrecht,PvdA Provincie Utrecht,660,13,no
652006578218691,CDA,CDA Noord-Holland,CDA Noord Holland,650,5,no
340871992590484,PvdA,PvdA Rotterdam,PvdA Rotterdam,642,19,no
167597420073347,VVD,VVD Helmond,VVD Helmond,616,34,no
667585943263634,PvdA,Pvda Alkmaar,Gijsbert Van Iterson Scholten,591,20,no
170060616402275,PvdA,PvdA Amsterdam,Partij van de Arbeid (PvdA),550,2,no
483088901801643,D66,D66 Gennep,Frank Pubben,549,65,no
238370166527350,VVD,VVD Westfriesland,VVD Westfriesland,545,10,no
392732001145937,BIJ1,Amsterdam BIJ1,BIJ1,533,17,no
736861463159374,CDA,CDA Kop van Noord Holland,Cornelis Bazen,515,6,no
642930529119017,D66,D66 Internationaal,D66,509,3,no
1746352698711497,PvdD,Partij voor de Dieren Almere,Partij voor de Dieren,504,41,no
222078441181157,VVD,VVD Almelo,VVD Almelo!,498,27,no
100345376686972,SP,SP Amsterdam,SP Amsterdam,495,20,no
333726830018322,VVD,Limburgse VVD,Jurgen Van Heertum,492,5,no
286855144753205,PvdA,PvdA Leiden,PvdA Leiden,490,10,no
1631684917126244,FvD,Forum voor Democratie Zeeland,Forum voor Democratie Zeeland - FVD Zeeland,483,25,no
358414441297967,VVD,Vlaardingse VVD,Vlaardingse VVD,482,9,no
102287806490622,PvdD,Partij voor de Dieren,These ads ran without a disclaimer,473,10,yes
157342181127991,VVD,VVD Gennep,VVD Gennep,454,83,no
409371815837560,CDA,CDA Barneveld,CDA Barneveld,452,14,no
197238087060916,VVD,De Woerdense VVD,De Woerdense VVD,450,12,no
123604241074923,PvdA,PvdA Brabant,PvdA Brabant,436,10,no
174727955895958,VVD,Alkmaarse VVD,Alkmaarse VVD,435,13,no
194900893890599,VVD,Bossche VVD,Bossche VVD,432,23,no
123661660977745,D66,D66 Enschede,D66,422,7,no
111881632210618,GroenLinks,GroenLinks Zuid-Holland,Erik Van Zuylen,421,21,no
480607798691317,D66,D66 Lansingerland,D66 Lansingerland,420,5,no
784559828291177,SGP,SGP Zeeland,Astrid Ruissen,418,38,no
181031342395,GroenLinks,GroenLinks Groningen,GroenLinks Groningen,411,24,no
1381731098742805,PvdA,PvdA-GroenLinks Boxtel,Raven Valentijn,410,10,no
1550088745275913,DENK,DENK,These ads ran without a disclaimer,407,16,yes
1310158545730624,FvD,JFVD,These ads ran without a disclaimer,400,2,yes
149846575656180,D66,D66 Pijnacker-Nootdorp,D66 Pijnacker-Nootdorp,400,4,no
430597160607656,CDA,CDA Vught Helvoirt Cromvoirt,CDA Vught,399,14,no
522603781144544,PvdA,PvdA Almere,PvdA Almere,399,17,no
242128959237930,ChristenUnie,ChristenUnie Ede,ChristenUnie Ede,397,14,no
669907336364750,D66,D66 Steenwijkerland,D66 Steenwijkerland,392,22,no
325990707510508,VVD,VVD Geldrop-Mierlo,VVD Geldrop-Mierlo,390,17,no
451407014874001,PvdA,PvdA Utrecht,PvdA Utrecht,390,10,no
529757857120942,VVD,VVD Rijswijk,VVD Rijswijk,388,19,no
436001856449324,PvdA,PvdA Enschede,PvdA Enschede,378,21,no
890769134318110,CDA,CDA Zwolle,Arjan Spaans,377,9,no
145751698819583,VVD,VVD Leiden,VVD Leiden,374,52,no
154456451319810,VVD,De Rotterdamse VVD,Rolin Den Heijer,372,15,no
171999852960244,D66,D66 Delft,D66,371,13,no
457506067621492,VVD,VVD Nijkerk-Hoevelaken,These ads ran without a disclaimer,367,27,yes
218046225000851,50PLUSpartij,50PLUS Gelderland,Marcel Bruins,365,16,no
290134957713451,PvdD,Partij voor de Dieren Noord-Holland,PvdD Noord-Holland,364,10,no
1383104228576987,PvdA,PvdA Vlaardingen,PvdA Vlaardingen,360,6,no
323069454456751,CDA,CDA Doesburg,CDA Doesburg,359,1,no
721812541177719,VVD,VVD Kirchroa,VVD Kirchroa,351,8,no
589938234422084,PvdA,PvdA Zoetermeer,PvdA Zoetermeer,348,7,no
300057413403421,PvdA,PvdA Gelderland,PvdA Gelderland,335,6,no
102760393111399,PvdA,PvdA Zwolle,Kist Roelof Jacob,332,17,no
1559225897625340,CDA,CDA Provincie Utrecht,These ads ran without a disclaimer,330,3,yes
339241753098101,SP,SP Veenendaal,Sietse Van Der Bij,326,81,no
209648345740233,ChristenUnie,"PerspectieF, ChristenUnie-jongeren","PerspectieF, ChristenUnie-jongeren",321,16,no
1663807260315461,PvdA,PvdA Het Hogeland,PvdA,311,13,no
261116077361193,VVD,VVD Dijk en Waard,Falco Hoekstra,306,28,no
305998839508251,D66,D66 Vught-Helvoirt-Cromvoirt,D66 Vught,306,65,no
135376383177889,CDA,CDA Katwijk,These ads ran without a disclaimer,302,9,yes
211661062254003,ChristenUnie,ChristenUnie,These ads ran without a disclaimer,300,1,yes
174727955895958,VVD,Alkmaarse VVD,Wiegman Marius E R,295,7,no
153430294762818,D66,D66 Overijssel,D66,290,2,no
1438054859744079,NIDA,NIDA,These ads ran without a disclaimer,289,2,yes
385625301862587,PVV,PVV Utrecht,Sjors Nagtegaal,287,25,no
212200082218113,CDA,CDA Tilburg,These ads ran without a disclaimer,280,9,yes
1803486813232260,PvdD,Partij voor de Dieren Alkmaar,Kıvılcım Pınar,280,6,no
329248237216890,PvdA,"PvdA-GroenLinks Vught, Helvoirt & Cromvoirt",PvdA-GroenLinks,278,20,no
479179312279498,CDA,CDA Gennep,These ads ran without a disclaimer,277,5,yes
699014280188216,SP,SP Noord-Holland,Marcel Lathouwers,277,12,no
148429941847666,CDA,CDA Limburg,CDA Limburg,270,17,no
317349971611583,ChristenUnie,ChristenUnie Amersfoort,Christenunie Amersfoort,269,14,no
759417477428801,PvdA,PvdA Zeeland,Marco Eestermans,268,6,no
971443309666536,VVD,VVD Tytsjerksteradiel,Sjaak Hoekstra,267,12,no
1512067898874085,CDA,CDA Heemskerk,Rudesindo Nunez Queija,266,6,no
647735612019661,PvdA,Pvda Huizen,These ads ran without a disclaimer,266,24,yes
122589134531844,PvdD,Partij voor de Dieren Den Haag,Partij voor de Dieren Den Haag,264,10,no
850253651682648,PvdD,Partij voor de Dieren Flevoland,Partij voor de Dieren,259,15,no
267847256626886,D66,D66 Westfriesland,These ads ran without a disclaimer,259,4,yes
423071014421919,VVD,VVD Hilversum,VVD Hilversum,257,8,no
721812541177719,VVD,VVD Kirchroa,Scheeren Roger Frans Catharina,257,11,no
583900934989488,PvdA,PvdA-Harderwijk,PvdA Harderwijk,254,26,no
330274643781669,SP,SP Roermond,Jorge Wolters Gregório,254,10,no
402039413225497,ChristenUnie,ChristenUnie Zwolle,These ads ran without a disclaimer,253,5,yes
1447649805544699,CDA,CDA Gooise Meren,CDA Gooise Meren,250,8,no
197240740326073,D66,D66 Rotterdam,D66,250,1,no
418727481496257,CDA,CDA Aalten-Dinxperlo,Raimond Smit,249,3,no
113895885305052,PvdA,Partij van de Arbeid (PvdA),These ads ran without a disclaimer,248,1,yes
10150111330480434,Piratenpartij,Piratenpartij [NL],Piratenpartij [NL],248,15,no
132843257179595,D66,D66 Rijswijk,D66,240,6,no
423071014421919,VVD,VVD Hilversum,Haitske Van De Linde,235,8,no
110827711048844,JA21,JA21 Zeeland,JA21 Zeeland,233,18,no
1877043885916734,SP,SP Halderberge Rucphen,These ads ran without a disclaimer,229,2,yes
647735612019661,PvdA,Pvda Huizen,Marcel Vreedeveld,226,16,no
504176193038156,VVD,VVD Stede Broec,VVD Stede Broec,225,23,no
667343843707423,VOLT NL,Volt Rotterdam,Volt Rotterdam,225,8,no
241453325928760,D66,D66 Vlaardingen,D66 Vlaardingen,224,9,no
199340240080632,PvdA,PvdA Europa,Partij van de Arbeid,223,19,no
862823187132723,PvdA,PvdA Westland,Nico De Gier,222,10,no
346093205489554,VVD,VVD Emmen,Meijer Marcel,218,28,no
181281155612789,CDA,CDA Cranendonck,These ads ran without a disclaimer,217,4,yes
162865337242691,GroenLinks,GroenLinks Renkum,Eveline Vink,215,6,no
333726830018322,VVD,Limburgse VVD,VVD Limburg,214,2,no
111881632210618,GroenLinks,GroenLinks Zuid-Holland,Marie-Christine Van Der Gronde,212,20,no
270085373012452,CDA,CDA Flevoland,CDA Flevoland,211,4,no
147722648491,D66,D66 Leiden,D66,210,7,no
309140246675079,FvD,Forum voor Democratie Noord-Holland -FVD,FVD NH,209,2,no
117128052210675,VVD,VVD Halderberge,Jean-Marie Frerichs,207,29,no
213849225325847,CDA,CDA Stede Broec,CDA Stede Broec,204,8,no
1207987872568660,SP,SP Zutphen/Warnsveld,Mart De Ridder,202,11,no
174727955895958,VVD,Alkmaarse VVD,These ads ran without a disclaimer,200,6,yes
397283743670490,CDA,CDA Vijfheerenlanden,CDA Vijfheerenlanden,200,2,no
71794021654,GroenLinks,GroenLinks Utrecht,GroenLinks Utrecht,200,3,no
1310158545730624,FvD,JFVD,JFVD,200,1,no
1856250761366447,D66,D66 Emmen,D66 Emmen,198,11,no
199385600271549,CDA,CDA Doetinchem,CDA Doetinchem,194,12,no
196419123885680,VVD,VVD De Bilt,VVD De Bilt,189,2,no
698451706850384,CDA,CDA Noordwijk-Noordwijkerhout-De Zilk,Duivenvoorde Sebastiaan,188,25,no
321817418536017,CDA,CDA Eemsdelta,CDA Eemsdelta,188,4,no
147722648491,D66,D66 Leiden,These ads ran without a disclaimer,186,9,yes
71794021654,GroenLinks,GroenLinks Utrecht,Maaike Van Der Linden,185,5,no
299553243443758,CDA,CDA Goeree-Overflakkee,CDA Goeree-Overflakkee,178,17,no
192600774817587,CDA,CDA Harlingen,CDA Harlingen,177,36,no
115600180276143,Lijst30,Lijst30,Partijvereniging Vrij en Sociaal Nederland,177,8,no
209648345740233,ChristenUnie,"PerspectieF, ChristenUnie-jongeren",PerspectieF ChristenUnie-jongeren,176,23,no
209971895842485,CDA,CDA Uithoorn - De Kwakel,Jansen Albertus A A,175,13,no
103025673101606,PvdA,PvdA-Drenthe,PvdA Drenthe,175,4,no
930099740342915,VVD,VVD Eemsdelta,Rutger Smit,174,4,no
131158970298702,D66,D66 's-Hertogenbosch,D66,172,6,no
642930529119017,D66,D66 Internationaal,These ads ran without a disclaimer,172,1,yes
512279162203266,D66,D66 Houten,D66 Houten,170,6,no
162212757160066,VVD,VVD Zoetermeer,VVD Zoetermeer,169,10,no
315095378608398,VVD,Gestelse VVD,VVD fractie Sint-Michielsgestel,160,4,no
1561655447470490,PvdA,PvdA Beverwijk-Wijk aan Zee,PvdA Beverwijk,160,4,no
151043172169156,D66,D66 - Rhenen,D66,160,8,no
473422542679870,VVD,VVD Alphen a/d Rijn,Elise Braat,158,27,no
107794439556152,ChristenUnie,ChristenUnie Urk,ChristenUnie Urk,151,14,no
1196350273823975,VVD,VVD Wormerland,These ads ran without a disclaimer,150,15,yes
395020097267467,PvdA,Pvda Amsterdam Oost,These ads ran without a disclaimer,150,2,yes
154456451319810,VVD,De Rotterdamse VVD,These ads ran without a disclaimer,149,5,yes
852631531480102,VVD,VVD Voerendaal,Sebastiaan Vliegen,142,14,no
283053498459741,D66,D66 Wijchen,D66,141,6,no
1441662002729821,SP,SP Haarlem,Marcel Lathouwers,138,7,no
409371815837560,CDA,CDA Barneveld,CDA Gemeente Barneveld,135,5,no
1422889834673368,PvdA,PvdA Valkenswaard,PvdA Valkenswaard,135,4,no
1441662002729821,SP,SP Haarlem,Anne Feite Bloem,135,11,no
1422274718011012,VVD,De Deurnese VVD,Oomen Tom,134,12,no
339859456128700,VVD,VVDZeist,Hanny Roelofsen,134,9,no
157671251089913,ChristenUnie,ChristenUnie Zeeland,These ads ran without a disclaimer,133,3,yes
541796845835057,PvdA,PvdA Goeree-Overflakkee,PvdA Goeree-Overflakkee,132,6,no
293145967399764,D66,D66 Venlo,Remy Maessen,129,14,no
449134611796644,CDA,CDA Lisse,Ben Lanser,128,15,no
128640250574683,VVD,De Utrechtse VVD,VVD Utrecht,127,5,no
1513913028938636,PvdA,PvdA-afdeling Lochem,These ads ran without a disclaimer,127,17,yes
357316470970750,CDA,CDA Leiden,These ads ran without a disclaimer,126,5,yes
120767601437627,SP,SP Kerkrade,Peters Ernst L B,125,16,no
544678845644158,PvdA,PvdA Steenbergen,Nadir Baali,124,2,no
147722648491,D66,D66 Leiden,D66 Leiden,124,5,no
1393529407559073,PvdA,PvdA Nijmegen,Hennie Derks,123,7,no
1414350562183210,GroenLinks,GroenLinks Alkmaar,These ads ran without a disclaimer,122,6,yes
190690801121703,CDA,CDA Meppel,CDA Meppel,121,7,no
937513793002837,VVD,VVD Zaanstad,VVD Zaanstad,120,6,no
135642563196256,CDA,"CDJA, CDA-jongeren",Jeltje Straatman,120,4,no
144728552295443,PvdA,PvdA Amersfoort,Jan-Herman Koller,120,3,no
325974597457192,GroenLinks,GroenLinks 's-Hertogenbosch,GroenLinks Den Bosch,119,7,no
628289240576959,D66,D66 Boxtel,D66 Boxtel,119,22,no
139047456304129,PvdA,PvdA Roze Netwerk,PvdA Roze Netwerk,118,8,no
408987755826785,SP,SP Arnhem,These ads ran without a disclaimer,118,7,yes
366349027034383,PvdA,PvdA Heumen,PvdA Heumen,116,14,no
366912353386282,PvdA,PvdA Krimpenerwaard,PvdA Krimpenerwaard,112,19,no
219046481529214,ChristenUnie,ChristenUnie Harderwijk/Hierden,ChristenUnie Harderwijk,111,12,no
138553482994927,PvdD,Partij voor de Dieren Dordrecht,Partij voor de Dieren Dordrecht,110,5,no
1475272182780528,SGP,SGP Urk,These ads ran without a disclaimer,109,5,yes
208032132579030,PvdA,PvdA Groningen,Björn Schoonbergen,108,15,no
272230419490546,VVD,VVD Tilburg,Joost Möller,107,3,no
253375728108660,D66,D66 Oude IJsselstreek,D66 Oude IJsselstreek,107,2,no
117128052210675,VVD,VVD Halderberge,These ads ran without a disclaimer,106,7,yes
277015828628,SP,SP Leiden,SP Leiden,102,5,no
101854911791937,Wij zijn NL,Wij zijn NL,Erwin Versteeg,102,9,no
101039903379008,VVD,Dordtse VVD,These ads ran without a disclaimer,100,5,yes
101039903379008,VVD,Dordtse VVD,Luca Van Ballegooijen,100,3,no
1011775145585656,VVD,VVD Westerkwartier,These ads ran without a disclaimer,100,2,yes
105913804794830,VVD,VVD Regio Fryslân,Marc Van Niekerk Thie,100,2,no
107610150609555,VVD,VVD Gulpen-Wittem,These ads ran without a disclaimer,100,1,yes
114055275385794,VVD,VVD IJsselstein,Bas Van Rooijen,100,2,no
114631488645360,VVD,De Haagse VVD,Suzanne Van Erven,100,4,no
114631488645360,VVD,De Haagse VVD,These ads ran without a disclaimer,100,2,yes
115029341980720,VVD,VVD Renswoude,Bart Bisschop,100,7,no
115029341980720,VVD,VVD Renswoude,These ads ran without a disclaimer,100,6,yes
1160701620720058,VVD,Meerssense VVD,Meerssense VVD,100,2,no
117095328492297,VVD,VVD Vught-Helvoirt-Cromvoirt,VVD Vught-Helvoirt-Cromvoirt,100,2,no
121704097936297,VVD,VVD Groningen,These ads ran without a disclaimer,100,1,yes
1228215290628525,VVD,VVD Gemert-Bakel,These ads ran without a disclaimer,100,5,yes
123074804424518,VVD,VVD Venlo,These ads ran without a disclaimer,100,4,yes
128640250574683,VVD,De Utrechtse VVD,Verlinden Kimberley Bernadina Paulina,100,6,no
128640250574683,VVD,De Utrechtse VVD,These ads ran without a disclaimer,100,2,yes
135925936464418,VVD,VVD Harderwijk-Hierden,Peter De Groot,100,4,no
1377601545801431,VVD,VVD Leeuwarden,These ads ran without a disclaimer,100,1,yes
1390230454568514,VVD,VVD Noordoostpolder,These ads ran without a disclaimer,100,2,yes
1390230454568514,VVD,VVD Noordoostpolder,Van Os Jasper Leonardus Phillipus,100,1,no
1422274718011012,VVD,De Deurnese VVD,These ads ran without a disclaimer,100,3,yes
145751698819583,VVD,VVD Leiden,These ads ran without a disclaimer,100,2,yes
148005128902583,VVD,VVD Heemskerk,Karin Smit,100,4,no
152313778157632,VVD,De Amsterdamse VVD,These ads ran without a disclaimer,100,2,yes
1530277467215488,VVD,VVD Drenthe,These ads ran without a disclaimer,100,5,yes
153280281401807,VVD,Graafse VVD,These ads ran without a disclaimer,100,1,yes
1543542572602854,VVD,VVD Altena,These ads ran without a disclaimer,100,1,yes
155956504541781,VVD,VVD Oisterwijk,These ads ran without a disclaimer,100,1,yes
1563699950578926,VVD,VVD Waterschap Limburg,These ads ran without a disclaimer,100,1,yes
1593395534300029,VVD,VVD Bernheze,VVD Bernheze,100,3,no
160488060781842,VVD,VVD Olst-Wijhe,Groote Schaarsberg Stefan Marius,100,3,no
160488060781842,VVD,VVD Olst-Wijhe,These ads ran without a disclaimer,100,2,yes
162212757160066,VVD,VVD Zoetermeer,These ads ran without a disclaimer,100,1,yes
167597420073347,VVD,VVD Helmond,These ads ran without a disclaimer,100,1,yes
169065999840857,VVD,VVD Haarlem,These ads ran without a disclaimer,100,2,yes
169065999840857,VVD,VVD Haarlem,VVD Haarlem,100,1,no
169783746552665,VVD,VVD Bunnik,Fred Schenk,100,1,no
170264783021544,VVD,VVD Hilvarenbeek,These ads ran without a disclaimer,100,6,yes
170264783021544,VVD,VVD Hilvarenbeek,VVD Hilvarenbeek,100,2,no
170320339747730,VVD,Koggenlandse VVD,These ads ran without a disclaimer,100,8,yes
1743766155846128,VVD,VVD Maasland,VVD Maasland,100,3,no
1788767758074479,VVD,VVD Rhenen,These ads ran without a disclaimer,100,1,yes
183495805173455,VVD,VVD-Woudenberg,These ads ran without a disclaimer,100,3,yes
183538275059926,VVD,Almeerse VVD,de Almeerse VVD,100,5,no
183538275059926,VVD,Almeerse VVD,These ads ran without a disclaimer,100,1,yes
187680031329594,VVD,VVD Zwartewaterland,Simon Tol,100,5,no
190006687752310,VVD,VVD Amstelveen,VVD Amstelveen,100,2,no
194216524014233,VVD,VVD Zwolle,These ads ran without a disclaimer,100,3,yes
194900893890599,VVD,Bossche VVD,These ads ran without a disclaimer,100,3,yes
196419123885680,VVD,VVD De Bilt,These ads ran without a disclaimer,100,2,yes
197238087060916,VVD,De Woerdense VVD,These ads ran without a disclaimer,100,2,yes
197435423736962,VVD,VVD Heumen,These ads ran without a disclaimer,100,1,yes
197515056951719,VVD,VVD Wassenaar,These ads ran without a disclaimer,100,1,yes
201138969999107,VVD,VVD Roosendaal,These ads ran without a disclaimer,100,6,yes
204112443050641,VVD,VVD Purmerend,These ads ran without a disclaimer,100,2,yes
204113719762337,VVD,VVD De Fryske Marren,Marc Van Niekerk Thie,100,8,no
215048268616589,VVD,VVD Raalte,VVD Raalte,100,10,no
215048268616589,VVD,VVD Raalte,VVD Raalte,100,2,no
215048268616589,VVD,VVD Raalte,These ads ran without a disclaimer,100,1,yes
218454524993606,VVD,VVD Apeldoorn,Pamela Wiering,100,5,no
222078441181157,VVD,VVD Almelo,These ads ran without a disclaimer,100,4,yes
225044264301061,VVD,VVD Nijmegen,VVD Nijmegen,100,4,no
226011184205452,VVD,VVD Hoorn,De Hoornse VVD,100,15,no
226011184205452,VVD,VVD Hoorn,These ads ran without a disclaimer,100,5,yes
233207220184530,VVD,VVD Montfoort,Volkspartij voor Vrijheid en Democratie,100,6,no
233207220184530,VVD,VVD Montfoort,These ads ran without a disclaimer,100,1,yes
233854086775969,VVD,De Nederweerter VVD,De Nederweerter VVD,100,11,no
233854086775969,VVD,De Nederweerter VVD,These ads ran without a disclaimer,100,8,yes
238370166527350,VVD,VVD Westfriesland,These ads ran without a disclaimer,100,2,yes
238437236319251,VVD,VVD Assen,VVD Assen,100,1,no
240487486029252,VVD,VVD Haarlemmermeer,VVD Haarlemmermeer,100,2,no
243926369062604,VVD,VVD Utrechtse Heuvelrug,These ads ran without a disclaimer,100,1,yes
244357102562650,VVD,VVD Opsterland,These ads ran without a disclaimer,100,1,yes
246449775514598,VVD,VVD Leusden,Patrick Kiel,100,2,no
248861831896013,VVD,De Weerter VVD,Weerter VVD,100,2,no
248861831896013,VVD,De Weerter VVD,These ads ran without a disclaimer,100,1,yes
254628621255389,VVD,VVD Veenendaal,Ruben Schoeman,100,5,no
254680748075982,VVD,VVD Culemborg,VVD Culemborg,100,4,no
254680748075982,VVD,VVD Culemborg,These ads ran without a disclaimer,100,4,yes
257508240969596,VVD,De Oldenzaalse VVD,VVD Oldenzaal,100,19,no
261116077361193,VVD,VVD Dijk en Waard,These ads ran without a disclaimer,100,7,yes
272230419490546,VVD,VVD Tilburg,These ads ran without a disclaimer,100,4,yes
276491789134449,VVD,VVD Oldambt,Mandy Meertens,100,1,no
286480434837730,VVD,VVD Noord-Holland,Ron Mazer,100,5,no
286480434837730,VVD,VVD Noord-Holland,These ads ran without a disclaimer,100,4,yes
305121659514613,VVD,VVD Lingewaard,These ads ran without a disclaimer,100,7,yes
318840268197219,VVD,VVD Soest/Soesterberg,These ads ran without a disclaimer,100,2,yes
319563324738156,VVD,VVD Dronten,VVD Dronten,100,6,no
341298732915644,VVD,VVD Middelburg,Wilfried Boonman,100,10,no
342564449464162,VVD,VVD Schiedam,These ads ran without a disclaimer,100,1,yes
344688586019193,VVD,VVD Hoeksche Waard,VVD Hoeksche Waard,100,1,no
346093205489554,VVD,VVD Emmen,These ads ran without a disclaimer,100,3,yes
346704992122344,VVD,VVD Bunschoten,These ads ran without a disclaimer,100,2,yes
358414441297967,VVD,Vlaardingse VVD,These ads ran without a disclaimer,100,1,yes
360950014036006,VVD,VVD Smallingerland,These ads ran without a disclaimer,100,1,yes
367174533369302,VVD,VVD Scherpenzeel,These ads ran without a disclaimer,100,1,yes
383092391883267,VVD,De Nieuwegeinse VVD,These ads ran without a disclaimer,100,3,yes
383790798412506,VVD,VVD Weststellingwerf,VVD Weststellingwerf,100,5,no
394219543964508,VVD,De Bredase VVD,These ads ran without a disclaimer,100,1,yes
394219543964508,VVD,De Bredase VVD,VVD Breda,100,1,no
423071014421919,VVD,VVD Hilversum,These ads ran without a disclaimer,100,2,yes
448759811826413,VVD,VVD Roermond,Arjan Meuwissen,100,10,no
453689644643513,VVD,VVD Lelystad,VVD Lelystad,100,4,no
457810957661494,VVD,VVD-Maashorst,These ads ran without a disclaimer,100,2,yes
473422542679870,VVD,VVD Alphen a/d Rijn,Leenaerts Bas M,100,11,no
473422542679870,VVD,VVD Alphen a/d Rijn,These ads ran without a disclaimer,100,9,yes
476759392439445,VVD,VVD Landgraaf,VVD Landgraaf,100,1,no
476759392439445,VVD,VVD Landgraaf,These ads ran without a disclaimer,100,1,yes
487529177944861,VVD,De Bergse VVD,Joost Pals,100,11,no
498944610134140,VVD,VVD Leidschendam-Voorburg,VVD Leidschendam-Voorburg,100,3,no
504176193038156,VVD,VVD Stede Broec,These ads ran without a disclaimer,100,1,yes
521653237872282,VVD,VVD Losser,These ads ran without a disclaimer,100,2,yes
529757857120942,VVD,VVD Rijswijk,These ads ran without a disclaimer,100,3,yes
535497706467042,VVD,VVD Goes,Chantal Peereboom,100,2,no
542359679187058,VVD,VVD Het Hogeland,Stefan Van Keijzerswaard - de Groot,100,5,no
590372277656268,VVD,VVD Heerenveen,These ads ran without a disclaimer,100,2,yes
590372277656268,VVD,VVD Heerenveen,Tjeerd Waterlander,100,2,no
604919512865485,VVD,VVD Wijdemeren,VVD Wijdemeren,100,1,no
689730844383927,VVD,VVD Lochem,These ads ran without a disclaimer,100,4,yes
715536175131982,VVD,VVD Venray,VVD Venray,100,3,no
721812541177719,VVD,VVD Kirchroa,These ads ran without a disclaimer,100,5,yes
731311010222651,VVD,VVD Aalsmeer Kudelstaart,These ads ran without a disclaimer,100,2,yes
783192395169199,VVD,VVD Waterland,These ads ran without a disclaimer,100,1,yes
806683962693581,VVD,VVD Papendrecht,These ads ran without a disclaimer,100,1,yes
818385898182914,VVD,VVD Fryslan,Marc Van Niekerk Thie,100,3,no
828124077223507,VVD,VVD Wijk Bij Duurstede,These ads ran without a disclaimer,100,1,yes
852631531480102,VVD,VVD Voerendaal,These ads ran without a disclaimer,100,1,yes
853228418123320,VVD,VVD Drimmelen,VVD Drimmelen,100,1,no
920935371318767,VVD,De Veldhovense VVD,These ads ran without a disclaimer,100,1,yes
922275131120043,VVD,VVD Oss,VVD Oss,100,6,no
930099740342915,VVD,VVD Eemsdelta,These ads ran without a disclaimer,100,4,yes
937513793002837,VVD,VVD Zaanstad,These ads ran without a disclaimer,100,2,yes
945761432159312,VVD,VVD Voorne,VVD Voorne,100,1,no
971443309666536,VVD,VVD Tytsjerksteradiel,These ads ran without a disclaimer,100,2,yes
748985915209148,CDA,CDA Boxtel,Gijs van der Heijden,100,10,no
480488435784054,CDA,CDA Pride,CDA,100,1,no
569095910244859,CDA,CDA Alkmaar,CDA Alkmaar,100,3,no
262802337226392,CDA,CDA Wijchen,These ads ran without a disclaimer,100,6,yes
134845486657988,CDA,CDA Terneuzen,Jos Van Ginneken,100,21,no
599313950125078,CDA,CDA Kerkrade,CDA Kerkrade,100,8,no
103497724987398,CDA,Gelderlandkiestcda,These ads ran without a disclaimer,100,4,yes
1732885833661470,CDA,CDA Heerlen,CDA Heerlen,100,1,no
875156262507508,CDA,CDA Venray,CDA Venray,100,3,no
135376383177889,CDA,CDA Katwijk,CDA Katwijk,100,5,no
312923848793774,CDA,CDA Huizen,CDA Huizen,100,7,no
890769134318110,CDA,CDA Zwolle,These ads ran without a disclaimer,100,1,yes
343995085744200,CDA,CDA Veenendaal,These ads ran without a disclaimer,100,5,yes
251158461698171,CDA,CDA-Hilversum,These ads ran without a disclaimer,100,1,yes
220440588148776,CDA,CDA Sluis,Van Deursen Patricia Elza Maria,100,4,no
106071838152724,CDA,CDA Opmeer,CDA Opmeer,100,2,no
135642563196256,CDA,"CDJA, CDA-jongeren",These ads ran without a disclaimer,100,5,yes
713923081953772,CDA,CDA-Landgraaf,Cda Landgraaf,100,6,no
260653317801997,CDA,CDA Opsterland,These ads ran without a disclaimer,100,3,yes
771521899540181,CDA,CDA Bergen op Zoom,These ads ran without a disclaimer,100,7,yes
1557210341199535,CDA,CDA Zaanstad,These ads ran without a disclaimer,100,1,yes
327605354041024,CDA,CDA Zeeland,Easther Houmes,100,1,no
461778550537027,CDA,CDA Dongen - 's Gravenmoer,CDA Dongen - 's Gravenmoer,100,2,no
195903857175578,CDA,CDA Zeewolde,CDA Zeewolde,100,4,no
920592431361475,CDA,CDA Den Helder,These ads ran without a disclaimer,100,4,yes
1783365325218130,CDA,CDA Amstelveen,These ads ran without a disclaimer,100,10,yes
305525042814385,CDA,CDA Maastricht,These ads ran without a disclaimer,100,1,yes
779064112119015,CDA,CDA Waalre,These ads ran without a disclaimer,100,2,yes
211527752371216,CDA,CDA.sonenbreugel,CDA Son en Breugel,100,1,no
192600774817587,CDA,CDA Harlingen,These ads ran without a disclaimer,100,8,yes
348600985220459,CDA,CDA Utrecht,These ads ran without a disclaimer,100,2,yes
1649013595380040,CDA,CDA Midden-Groningen,Marlies Roelvink,100,2,no
630170627073175,CDA,CDA Valkenburg a/d Geul,These ads ran without a disclaimer,100,3,yes
193223164173865,CDA,CDA Neder-Betuwe,These ads ran without a disclaimer,100,4,yes
135642563196256,CDA,"CDJA, CDA-jongeren","CDJA, CDA-Jongeren",100,5,no
686529124720085,CDA,CDA West Maas en Waal,Frans Van Gelder,100,1,no
698451706850384,CDA,CDA Noordwijk-Noordwijkerhout-De Zilk,These ads ran without a disclaimer,100,3,yes
1512067898874085,CDA,CDA Heemskerk,These ads ran without a disclaimer,100,3,yes
618699471497068,CDA,CDA Drimmelen,CDA Drimmelen,100,3,no
194981260596528,CDA,CDA Apeldoorn,These ads ran without a disclaimer,100,3,yes
736861463159374,CDA,CDA Kop van Noord Holland,These ads ran without a disclaimer,100,4,yes
226133584536501,CDA,CDA Altena,These ads ran without a disclaimer,100,3,yes
616257468385419,CDA,CDA Haarlem,These ads ran without a disclaimer,100,6,yes
449134611796644,CDA,CDA Lisse,These ads ran without a disclaimer,100,4,yes
616257468385419,CDA,CDA Haarlem,Juriaan L Visser,100,7,no
1595248250741419,CDA,CDA Harderwijk Hierden,These ads ran without a disclaimer,100,3,yes
1732885833661470,CDA,CDA Heerlen,These ads ran without a disclaimer,100,2,yes
610561445683906,CDA,CDA Mill en Sint Hubert,These ads ran without a disclaimer,100,2,yes
212787845829630,CDA,CDA Waadhoeke,Robert Van Der Spek,100,1,no
238075096364508,CDA,CDA Asten,These ads ran without a disclaimer,100,1,yes
202773499768178,CDA,CDA Hattem,CDA Hattem,100,2,no
338902089618318,CDA,CDA Den Bosch,These ads ran without a disclaimer,100,2,yes
495077074013552,CDA,CDA Zoeterwoude,CDA Zoeterwoude,100,1,no
539113479503987,CDA,CDA Oirschot - De Beerzen,CDA Oirschot - de Beerzen,100,1,no
397283743670490,CDA,CDA Vijfheerenlanden,Schoonhoven Abraham,100,1,no
458375320980518,CDA,CDA Bloemendaal,Elzbieta Dreijer-Kwiatkowska,100,8,no
1107043432765171,CDA,CDA Ommen,These ads ran without a disclaimer,100,1,yes
244033095778625,CDA,CDA Almere,These ads ran without a disclaimer,100,5,yes
259622384190321,CDA,Lokaal CDA gemeente Epe,These ads ran without a disclaimer,100,2,yes
645564278828304,CDA,CDA Bergen-NH,These ads ran without a disclaimer,100,2,yes
429679917098992,CDA,CDA Lansingerland,These ads ran without a disclaimer,100,3,yes
626270210729407,CDA,CDA Purmerend,These ads ran without a disclaimer,100,1,yes
151541561675000,CDA,CDA Sint-Michielsgestel,These ads ran without a disclaimer,100,1,yes
1787602688161421,CDA,CDA Smallingerland,These ads ran without a disclaimer,100,1,yes
226133584536501,CDA,CDA Altena,CDA Altena,100,1,no
259622384190321,CDA,Lokaal CDA gemeente Epe,Lokaal CDA gemeente Epe,100,1,no
196310430554710,CDA,CDA Woudenberg,These ads ran without a disclaimer,100,2,yes
178954178962718,CDA,CDA Midden-Drenthe,These ads ran without a disclaimer,100,1,yes
483478691758983,CDA,CDA Barendrecht,These ads ran without a disclaimer,100,1,yes
307917159696642,CDA,CDA Krimpen,CDA Krimpen,100,2,no
441341285986856,CDA,CDA Gouda,These ads ran without a disclaimer,100,1,yes
323069454456751,CDA,CDA Doesburg,These ads ran without a disclaimer,100,1,yes
297370010365715,CDA,CDA Medemblik,CDA,100,1,no
102851356485793,CDA,CDA Ede,These ads ran without a disclaimer,100,1,yes
102119459848996,CDA,CDA Venlo,These ads ran without a disclaimer,100,1,yes
135140860013782,CDA,CDA Edam-Volendam,These ads ran without a disclaimer,100,1,yes
760125597332468,CDA,CDA Zwijndrecht,These ads ran without a disclaimer,100,1,yes
184189882389473,CDA,CDA Hoeksche Waard,These ads ran without a disclaimer,100,1,yes
339932172815655,CDA,CDA Goirle Riel,These ads ran without a disclaimer,100,1,yes
213849225325847,CDA,CDA Stede Broec,These ads ran without a disclaimer,100,1,yes
251874718679696,CDA,CDA Steenwijkerland,These ads ran without a disclaimer,100,1,yes
445945465509986,CDA,CDA Someren,These ads ran without a disclaimer,100,1,yes
220365728121924,CDA,CDA Koggenland,These ads ran without a disclaimer,100,1,yes
148429941847666,CDA,CDA Limburg,These ads ran without a disclaimer,100,1,yes
130377573838100,CDA,CDA Amersfoort,These ads ran without a disclaimer,100,4,yes
599313950125078,CDA,CDA Kerkrade,These ads ran without a disclaimer,100,1,yes
418249331586629,CDA,CDA Raalte,These ads ran without a disclaimer,100,1,yes
1417520661873955,CDA,CDA Ermelo,Stoffel Verploeg,100,1,no
195220513824326,CDA,CDA Urk,These ads ran without a disclaimer,100,1,yes
642712149497103,GroenLinks,GroenLinks Oegstgeest,These ads ran without a disclaimer,100,13,yes
319619458061587,GroenLinks,WB GroenLinks,Wetenschappelijk Bureau GroenLinks,100,1,no
906928256312779,GroenLinks,GroenLinks Best,GroenLinks Eindhoven,100,11,no
1414350562183210,GroenLinks,GroenLinks Alkmaar,Seignette Roy,100,2,no
521898577941258,GroenLinks,Groenlinks Kampen,GroenLinks Kampen,100,2,no
642712149497103,GroenLinks,GroenLinks Oegstgeest,GroenLinks Oegstgeest,100,6,no
103360741627020,GroenLinks,GroenLinks Oirschot,GroenLinks Oirschot,100,6,no
180322962326,GroenLinks,GroenLinks Veenendaal,GroenLinks Veenendaal,100,10,no
703877319733931,GroenLinks,GroenLinks Zoetermeer,Joram Vermond,100,9,no
386396184818902,GroenLinks,GroenLinks Sittard-Geleen,These ads ran without a disclaimer,100,1,yes
439958286016356,GroenLinks,GroenLinks Gelderland,These ads ran without a disclaimer,100,3,yes
434756543235602,GroenLinks,GroenLinks Alphen aan den Rijn,Erik Van Zuylen,100,12,no
888203524868856,GroenLinks,GroenLinks Veldhoven,Groenlinks Veldhoven,100,6,no
2082563628696526,GroenLinks,GroenLinks Steenwijkerland,Jeannette Nijhuis,100,2,no
1411283215766694,GroenLinks,GroenLinks Helmond,These ads ran without a disclaimer,100,6,yes
174522982750697,GroenLinks,GroenLinks Edam-Volendam,GroenLinks Edam-Volendam,100,15,no
521898577941258,GroenLinks,Groenlinks Kampen,These ads ran without a disclaimer,100,1,yes
434756543235602,GroenLinks,GroenLinks Alphen aan den Rijn,Sara De Waal,100,5,no
573092316220069,GroenLinks,GroenLinks Drenthe,These ads ran without a disclaimer,100,2,yes
995464427271491,GroenLinks,GroenLinks Weststellingwerf,Gaby Thijssen,100,5,no
439958286016356,GroenLinks,GroenLinks Gelderland,Mickel Langeveld,100,2,no
906928256312779,GroenLinks,GroenLinks Best,These ads ran without a disclaimer,100,5,yes
1166808893329408,GroenLinks,GroenLinks Overbetuwe,GroenLinks Overbetuwe,100,12,no
153189941370381,GroenLinks,GroenLinks Berg en Dal,GroenLinks Berg en Dal,100,5,no
270050976436396,GroenLinks,GroenLinks Leidschendam-Voorburg,GroenLinks Leidschendam-Voorburg,100,4,no
295724207160150,GroenLinks,GroenLinks Amsterdam,GroenLinks Amsterdam,100,4,no
270050976436396,GroenLinks,GroenLinks Leidschendam-Voorburg,These ads ran without a disclaimer,100,3,yes
661049547329075,GroenLinks,GroenLinks Lochem,These ads ran without a disclaimer,100,4,yes
1403428756564141,GroenLinks,Progressief Akkoord - GroenLinks Deurne,These ads ran without a disclaimer,100,4,yes
917881558331205,GroenLinks,GroenLinks Castricum,GroenLinks Castricum,100,3,no
550239991805691,GroenLinks,GroenLinks Oss,GroenLinks Oss,100,1,no
550239991805691,GroenLinks,GroenLinks Oss,These ads ran without a disclaimer,100,2,yes
334224188495,GroenLinks,GroenLinks Leiden,Esra Vander Heijden,100,1,no
241078299830628,GroenLinks,GroenLinks Westerkwartier,Wybo Van Der Hoek,100,1,no
502630913183362,GroenLinks,GroenLinks Meppel,These ads ran without a disclaimer,100,2,yes
703877319733931,GroenLinks,GroenLinks Zoetermeer,These ads ran without a disclaimer,100,2,yes
116050085145365,GroenLinks,GroenLinks Rotterdam,These ads ran without a disclaimer,100,1,yes
227891484046459,GroenLinks,GroenLinks Flevoland,These ads ran without a disclaimer,100,2,yes
434409393299952,GroenLinks,GroenLinks Oosterhout,These ads ran without a disclaimer,100,1,yes
180322962326,GroenLinks,GroenLinks Veenendaal,These ads ran without a disclaimer,100,2,yes
1940934655935968,GroenLinks,GroenLinks Aa en Hunze,These ads ran without a disclaimer,100,3,yes
939048969472738,GroenLinks,GroenLinks Bloemendaal,These ads ran without a disclaimer,100,1,yes
387703957918671,GroenLinks,GroenLinks Leeuwarden,These ads ran without a disclaimer,100,1,yes
1381731098742805,GroenLinks,PvdA-GroenLinks Boxtel,These ads ran without a disclaimer,100,1,yes
502630913183362,GroenLinks,GroenLinks Meppel,GroenLinks Meppel,100,1,no
698044973586589,GroenLinks,Groenlinks Baarn,These ads ran without a disclaimer,100,1,yes
1411283215766694,GroenLinks,GroenLinks Helmond,Lara Tamarinof,100,2,no
428488197166010,GroenLinks,GroenLinks Venlo,These ads ran without a disclaimer,100,1,yes
434756543235602,GroenLinks,GroenLinks Alphen aan den Rijn,These ads ran without a disclaimer,100,1,yes
383355255040336,GroenLinks,GroenLinks Nijmegen,GroenLinks Nijmegen,100,1,no
319619458061587,GroenLinks,WB GroenLinks,These ads ran without a disclaimer,100,1,yes
154736434721703,GroenLinks,Groenlinks Schagen,These ads ran without a disclaimer,100,1,yes
250437457508,GroenLinks,GroenLinks Arnhem,These ads ran without a disclaimer,100,2,yes
995464427271491,GroenLinks,GroenLinks Weststellingwerf,These ads ran without a disclaimer,100,1,yes
275546039601538,GroenLinks,GroenLinks Sint-Michielsgestel,These ads ran without a disclaimer,100,1,yes
168582430001649,GroenLinks,GroenLinks Dordrecht,These ads ran without a disclaimer,100,1,yes
1166808893329408,GroenLinks,GroenLinks Overbetuwe,These ads ran without a disclaimer,100,1,yes
334224188495,GroenLinks,GroenLinks Leiden,These ads ran without a disclaimer,100,1,yes
1745762299021142,GroenLinks,GroenLinks Midden-Groningen,These ads ran without a disclaimer,100,1,yes
181031342395,GroenLinks,GroenLinks Groningen,These ads ran without a disclaimer,100,1,yes
717249231795539,BIJ1,BIJ1,These ads ran without a disclaimer,100,2,yes
170469190212212,BIJ1,Rotterdam BIJ1,Rotterdam BIj1,100,2,no
392732001145937,BIJ1,Amsterdam BIJ1,These ads ran without a disclaimer,100,9,yes
170469190212212,BIJ1,Rotterdam BIJ1,These ads ran without a disclaimer,100,2,yes
170469190212212,BIJ1,Rotterdam BIJ1,Sandra Salome,100,1,no
1383104228576987,PvdA,PvdA Vlaardingen,These ads ran without a disclaimer,100,1,yes
508079819307153,PvdA,PvdA Almelo,Arjan De Vries,100,10,no
296016837171041,PvdA,PvdA Steenwijkerland,PvdA Steenwijkerland,100,11,no
1380763172182215,PvdA,Pvda Lingewaard,These ads ran without a disclaimer,100,3,yes
1389317844656912,PvdA,PvdA Tilburg,These ads ran without a disclaimer,100,11,yes
418227798205443,PvdA,PvdA-Hoorn,PvdA Hoorn,100,8,no
296016837171041,PvdA,PvdA Steenwijkerland,These ads ran without a disclaimer,100,1,yes
518030681575705,PvdA,PvdA Eindhoven,Stichting Raadswerk PvdA Eindhoven,100,4,no
220138834728873,PvdA,PvdA Kerkrade,PvdA Kerkrade,100,3,no
476345199077535,PvdA,PvdA Geldrop-Mierlo,Richard Van De Burgt,100,3,no
1715340175444649,PvdA,PvdA Stichtse Vecht,Van Der Wijck George Michael Theodoor,100,4,no
377484722432934,PvdA,PvdA Provincie Utrecht,These ads ran without a disclaimer,100,3,yes
1389317844656912,PvdA,PvdA Tilburg,PvdA Tilburg,100,10,no
190869220945975,PvdA,PvdA Den Haag,Partij van de Arbeid (PvdA),100,1,no
199340240080632,PvdA,PvdA Europa,PvdA,100,1,no
516828615098303,PvdA,PvdA Amstelveen,PvdA Amstelveen,100,2,no
1561655447470490,PvdA,PvdA Beverwijk-Wijk aan Zee,These ads ran without a disclaimer,100,1,yes
330384780486845,PvdA,PvdA Provincie Groningen,These ads ran without a disclaimer,100,3,yes
476345199077535,PvdA,PvdA Geldrop-Mierlo,These ads ran without a disclaimer,100,2,yes
320593364806627,PvdA,Pvda Krimpen,These ads ran without a disclaimer,100,5,yes
732205243634926,PvdA,PvdA Heiloo,These ads ran without a disclaimer,100,2,yes
220138834728873,PvdA,PvdA Kerkrade,These ads ran without a disclaimer,100,3,yes
1393972554182063,PvdA,PvdA Winterswijk,PvdA Winterswijk,100,3,no
206998282815876,PvdA,PvdA Midden-Delfland,Meijdam Bestiaan Johan,100,4,no
583900934989488,PvdA,PvdA-Harderwijk,These ads ran without a disclaimer,100,4,yes
1715340175444649,PvdA,PvdA Stichtse Vecht,PvdA Stichtse Vecht,100,5,no
451407014874001,PvdA,PvdA Utrecht,These ads ran without a disclaimer,100,1,yes
522603781144544,PvdA,PvdA Almere,Brigitte Hielkema-koeslag,100,2,no
190869220945975,PvdA,PvdA Den Haag,These ads ran without a disclaimer,100,2,yes
654552347982213,PvdA,PvdA/GroenLinks De Ronde Venen,These ads ran without a disclaimer,100,1,yes
418227798205443,PvdA,PvdA-Hoorn,These ads ran without a disclaimer,100,3,yes
140205082843346,PvdA,Pvda Rijswijk,These ads ran without a disclaimer,100,4,yes
187885148045634,PvdA,Pvda Hof van Twente,Koster Joris L,100,3,no
1663807260315461,PvdA,PvdA Het Hogeland,These ads ran without a disclaimer,100,3,yes
533612593362231,PvdA,PvdA Tytsjerksteradiel,These ads ran without a disclaimer,100,2,yes
1510532972292654,PvdA,Partij van de Arbeid PvdA Midden-Groningen,PvdA afdeling Midden-Groningen,100,2,no
630864096938801,PvdA,PvdA Smallingerland,Anton Pieters,100,2,no
208032132579030,PvdA,PvdA Groningen,These ads ran without a disclaimer,100,6,yes
998027266909008,PvdA,Pvda Bronckhorst,These ads ran without a disclaimer,100,4,yes
437846019616612,PvdA,PvdA Ede,These ads ran without a disclaimer,100,2,yes
190869220945975,PvdA,PvdA Den Haag,Bas Beekman,100,2,no
395020097267467,PvdA,Pvda Amsterdam Oost,Alba León,100,5,no
115241245317898,PvdA,PvdA Roosendaal,PvdA Roosendaal,100,1,no
616490005068036,PvdA,PvdA Medemblik,These ads ran without a disclaimer,100,1,yes
1995851374019790,PvdA,PvdA Sluis,These ads ran without a disclaimer,100,3,yes
1995851374019790,PvdA,PvdA Sluis,Joyce Kramer,100,2,no
1422889834673368,PvdA,PvdA Valkenswaard,These ads ran without a disclaimer,100,1,yes
630864096938801,PvdA,PvdA Smallingerland,These ads ran without a disclaimer,100,2,yes
103025673101606,PvdA,PvdA-Drenthe,These ads ran without a disclaimer,100,2,yes
234858363335659,PvdA,PvdA Haren,These ads ran without a disclaimer,100,3,yes
316719818346344,PvdA,PvdA Borger-Odoorn,These ads ran without a disclaimer,100,1,yes
863916193670914,PvdA,PvdA Woerden,These ads ran without a disclaimer,100,1,yes
140205082843346,PvdA,Pvda Rijswijk,Rijswijkse PvdA,100,2,no
230610190325538,PvdA,PvdA Hollands Kroon,These ads ran without a disclaimer,100,1,yes
190173454467936,PvdA,PvdA Haarlemmermeer,These ads ran without a disclaimer,100,1,yes
1381731098742805,PvdA,PvdA-GroenLinks Boxtel,These ads ran without a disclaimer,100,1,yes
208105776983,PvdA,PvdA Heerlen,PvdA Heerlen,100,1,no
186407568165708,PvdA,Pvda Beesel-Reuver,These ads ran without a disclaimer,100,4,yes
668085866536115,PvdA,Pvda Rheden en Rozendaal,These ads ran without a disclaimer,100,1,yes
423624667726498,PvdA,PvdA Nissewaard,Wouter Struijk,100,1,no
320593364806627,PvdA,Pvda Krimpen,PvdA Krimpen,100,1,no
423624667726498,PvdA,PvdA Nissewaard,These ads ran without a disclaimer,100,2,yes
230026360513786,PvdA,Pvda Waterland,These ads ran without a disclaimer,100,2,yes
516828615098303,PvdA,PvdA Amstelveen,These ads ran without a disclaimer,100,1,yes
540144089412228,PvdA,PvdA Zwijndrecht.,These ads ran without a disclaimer,100,1,yes
667585943263634,PvdA,Pvda Alkmaar,These ads ran without a disclaimer,100,2,yes
1218520171552619,PvdA,PvdA Noordoostpolder,These ads ran without a disclaimer,100,1,yes
564725660245239,PvdA,PvdA Maassluis,These ads ran without a disclaimer,100,1,yes
613711391989275,PvdA,Pvda Montferland,These ads ran without a disclaimer,100,1,yes
306810719374111,PvdA,PvdA Reusel De Mierden,These ads ran without a disclaimer,100,1,yes
366349027034383,PvdA,PvdA Heumen,These ads ran without a disclaimer,100,1,yes
199340240080632,PvdA,PvdA Europa,These ads ran without a disclaimer,100,1,yes
508079819307153,PvdA,PvdA Almelo,These ads ran without a disclaimer,100,1,yes
123604241074923,PvdA,PvdA Brabant,These ads ran without a disclaimer,100,1,yes
187885148045634,PvdA,Pvda Hof van Twente,These ads ran without a disclaimer,100,1,yes
1393972554182063,PvdA,PvdA Winterswijk,These ads ran without a disclaimer,100,1,yes
1551637291831665,PvdA,PvdA Waalwijk,These ads ran without a disclaimer,100,1,yes
115241245317898,PvdA,PvdA Roosendaal,These ads ran without a disclaimer,100,1,yes
416002915117744,PvdA,PvdA Teylingen,These ads ran without a disclaimer,100,1,yes
476388839115117,PvdA,Partij van de Arbeid Zaanstad,PvdA Zaanstreek,100,6,no
472296739547854,PvdA,Partij van de Arbeid - Ommen,René van der Linde,100,12,no
476388839115117,PvdA,Partij van de Arbeid Zaanstad,These ads ran without a disclaimer,100,4,yes
250194101810997,PvdA,Partij van de Arbeid Gouda,PvdA Gouda,100,1,no
547661161996857,PvdA,Partij van de Arbeid Woensdrecht,These ads ran without a disclaimer,100,1,yes
1522391087848593,PvdD,Partij voor de Dieren - werkgroep Lochem,Partij voor de Dieren Geldeland,100,2,no
174753755981452,PvdD,Partij voor de Dieren Gelderland,Partij voor de Dieren Gelderland,100,3,no
153434794680208,PvdD,Partij voor de Dieren Noord-Brabant,These ads ran without a disclaimer,100,3,yes
850253651682648,PvdD,Partij voor de Dieren Flevoland,These ads ran without a disclaimer,100,1,yes
129568950441577,PvdD,Partij voor de Dieren Zeeland,Partij voor de Dieren Zeeland,100,1,no
290134957713451,PvdD,Partij voor de Dieren Noord-Holland,Kostic Ines,100,2,no
217567158255542,PvdD,Partij voor de Dieren Limburg,These ads ran without a disclaimer,100,3,yes
217567158255542,PvdD,Partij voor de Dieren Limburg,Partij voor de Dieren Limburg,100,3,no
1746352698711497,PvdD,Partij voor de Dieren Almere,Luijendijk Jesse,100,1,no
850253651682648,PvdD,Partij voor de Dieren Flevoland,Luijendijk Jesse,100,1,no
311026109316385,PvdD,Partij voor de Dieren werkgroep Culemborg,Partij voor de Dieren Gelderland,100,1,no
976825745813543,PvdD,Partij voor de Dieren Gemeente Groningen,Stichting Ondersteuning Groningse Gemeenteraadsfractie PvdD,100,2,no
522244664875827,PvdD,Partij voor de Dieren Dronten,Corelis Kielen,100,3,no
444772086026343,PvdD,Partij voor de Dieren Lelystad,Corelis Kielen,100,1,no
128863843840889,PvdD,Partij voor de Dieren Utrecht,These ads ran without a disclaimer,100,1,yes
1746352698711497,PvdD,Partij voor de Dieren Almere,These ads ran without a disclaimer,100,1,yes
294901587336825,PVV,PVV Fryslan,These ads ran without a disclaimer,100,2,yes
1967914100151475,PVV,PVV Stichtse Vecht,These ads ran without a disclaimer,100,2,yes
156993281594555,PVV,PVV Lelystad,These ads ran without a disclaimer,100,1,yes
449928585192308,PVV,PVV Gelderland,These ads ran without a disclaimer,100,1,yes
330953914086255,PVV,PVV Terneuzen,These ads ran without a disclaimer,100,1,yes
699772150456009,PVV,PVV Nissewaard,These ads ran without a disclaimer,100,1,yes
1263240523724892,PVV,PVV Sittard-Geleen,These ads ran without a disclaimer,100,1,yes
957516271079756,PVV,PVV Dordrecht,These ads ran without a disclaimer,100,1,yes
385625301862587,PVV,PVV Utrecht,These ads ran without a disclaimer,100,1,yes
185988911871870,PVV,PVV Hengelo,These ads ran without a disclaimer,100,1,yes
115600180276143,Lijst30,Lijst30,Lijst 30,100,4,no
115600180276143,Lijst30,Lijst30,These ads ran without a disclaimer,100,2,yes
555679867783372,SP,SP Bernheze,Jan Van Den Broek,100,52,no
571432623341874,SP,SP Purmerend,Meeder Pim,100,7,no
571432623341874,SP,SP Purmerend,These ads ran without a disclaimer,100,2,yes
289522761094912,SP,SP Breda,SP Breda,100,5,no
358346067510653,SP,SP Gouda,Boris Stil,100,7,no
125382950819455,SP,SP Groningen,These ads ran without a disclaimer,100,2,yes
252299414886741,SP,SP Deventer,C.J. Sterkenburg,100,5,no
136653320218,SP,SP Rotterdam,Tijs Hardam,100,4,no
490557484330937,SP,SP Vlaardingen,Hoekstra Arnout John,100,3,no
305271288472,SP,SP Den Haag,Hoefsloot Rick,100,2,no
1441662002729821,SP,SP Haarlem,These ads ran without a disclaimer,100,3,yes
600613763337572,SP,SP Lelystad,These ads ran without a disclaimer,100,1,yes
289522761094912,SP,SP Breda,These ads ran without a disclaimer,100,2,yes
1207987872568660,SP,SP Zutphen/Warnsveld,These ads ran without a disclaimer,100,2,yes
118479041566849,SP,SP Schagen,Ronald G Komen,100,2,no
644446145669723,SP,SP Enschede,These ads ran without a disclaimer,100,1,yes
339241753098101,SP,SP Veenendaal,These ads ran without a disclaimer,100,5,yes
305271288472,SP,SP Den Haag,These ads ran without a disclaimer,100,1,yes
1385539908345370,SP,SP Capelle aan den IJssel,These ads ran without a disclaimer,100,1,yes
699014280188216,SP,SP Noord-Holland,These ads ran without a disclaimer,100,2,yes
166722416859309,SP,SP Winterswijk,These ads ran without a disclaimer,100,1,yes
497053027078764,SP,SP Goirle,These ads ran without a disclaimer,100,1,yes
454775281239898,SP,SP Doesburg,Michael Bouwman,100,1,no
190998791633352,SP,SP Landgraaf,These ads ran without a disclaimer,100,1,yes
555679867783372,SP,SP Bernheze,These ads ran without a disclaimer,100,1,yes
323433701105781,SP,SP afdeling Emmen,These ads ran without a disclaimer,100,1,yes
219315465900,SP,"ROOD, jong in de SP","ROOD, Jongeren in de SP",100,4,no
341171816001580,SP,Sp.a Hasselt,These ads ran without a disclaimer,100,1,yes
1519997944789254,FvD,FVD Amsterdam,FVD Amsterdam,100,3,no
940134542788638,FvD,FVD Drenthe,Catharina Elisabeth Niessink,100,9,no
306407210253856,FvD,FVD Noord-Brabant,These ads ran without a disclaimer,100,1,yes
309140246675079,FvD,Forum voor Democratie Noord-Holland -FVD,These ads ran without a disclaimer,100,3,yes
1631684917126244,FvD,Forum voor Democratie Zeeland,These ads ran without a disclaimer,100,1,yes
151766691678928,SGP,SGP Goeree-Overflakkee,Peter Grinwis,100,4,no
671037142966257,SGP,SGP Nunspeet,SGP Nunspeet,100,2,no
344383675689926,SGP,SGP Jongeren Staphorst,SGP Jongeren Staphorst,100,9,no
251558268238889,SGP,SGP Jongeren Vallei & Rijn,These ads ran without a disclaimer,100,1,yes
208182482974377,SGP,SGP-jongeren CK,Ernst Pols,100,1,no
916076498549478,SGP,SGP-jongeren Merwestreek,These ads ran without a disclaimer,100,1,yes
261891187284177,SGP,SGP Krimpen aan den IJssel,Adriaan Van Beek,100,4,no
151766691678928,SGP,SGP Goeree-Overflakkee,These ads ran without a disclaimer,100,1,yes
510879102598586,SGP,SGP Utrechtse Heuvelrug,These ads ran without a disclaimer,100,1,yes
784559828291177,SGP,SGP Zeeland,These ads ran without a disclaimer,100,3,yes
673294653100165,SGP,SGP Utrechtse Heuvelrug,SGP Utrechtse Heuvelrug,100,2,no
176838042520007,SGP,SGP-Houten,SGP-Houten,100,1,no
385564664900332,SGP,Sgp Kampen,Klaas Van Den Bosch,100,1,no
319519798445256,SGP,SGP Staphorst,These ads ran without a disclaimer,100,1,yes
1502902726692279,SGP,Lelystad SGP,These ads ran without a disclaimer,100,1,yes
182568432352387,SGP,SGPJ Ambacht-Zwijndrecht,These ads ran without a disclaimer,100,1,yes
349588205180009,SGP,SGP Vlissingen,These ads ran without a disclaimer,100,1,yes
1475272182780528,SGP,SGP Urk,Middelkoop Pieter N,100,1,no
673294653100165,SGP,SGP Utrechtse Heuvelrug,These ads ran without a disclaimer,100,1,yes
389914581122059,D66,D66 Zoetermeer,D66 Zoetermeer,100,3,no
186370224739032,D66,D66 Almere,These ads ran without a disclaimer,100,2,yes
617251821650596,D66,D66 Harderwijk/Hierden,D66,100,4,no
259119013936,D66,D66 Tilburg,D66 Tilburg,100,7,no
1963443847203345,D66,D66 Medemblik,D66 Medemblik,100,9,no
669907336364750,D66,D66 Steenwijkerland,These ads ran without a disclaimer,100,4,yes
1129208503774916,D66,D66 Soest-Soesterberg,D66,100,2,no
146790238829202,D66,D66 Zeeland,D66,100,3,no
1750415495212074,D66,D66 Goes,D66,100,3,no
551956148205847,D66,D66 Druten,D66,100,1,no
608154812530161,D66,D66Zwolle,Dagmar Hoekstra,100,4,no
235383826599727,D66,D66 Utrechtse Heuvelrug,D66,100,3,no
117481438306203,D66,D66 Woerden,D66 Woerden,100,3,no
131158970298702,D66,D66 's-Hertogenbosch,These ads ran without a disclaimer,100,5,yes
186370224739032,D66,D66 Almere,D66,100,2,no
120025204794757,D66,D66 Land van Cuijk,D66,100,1,no
466120763493964,D66,D66 Bloemendaal,Sacha Kuijs,100,3,no
359300587500364,D66,D66 Bommelerwaard,These ads ran without a disclaimer,100,3,yes
389914581122059,D66,D66 Zoetermeer,These ads ran without a disclaimer,100,2,yes
201821126683232,D66,D66 Waalre,D66 Waalre,100,3,no
407794169274529,D66,D66 Breda,D66,100,1,no
265393510326093,D66,D66 Weststellingwerf,D66,100,1,no
483088901801643,D66,D66 Gennep,These ads ran without a disclaimer,100,4,yes
260889263954978,D66,D66 Ede,These ads ran without a disclaimer,100,1,yes
305998839508251,D66,D66 Vught-Helvoirt-Cromvoirt,These ads ran without a disclaimer,100,6,yes
458832407560387,D66,D66 Dijk en Waard,These ads ran without a disclaimer,100,4,yes
260889263954978,D66,D66 Ede,D66,100,1,no
179124345460762,D66,D66 IJsselstein,D66 IJsselstein,100,2,no
209004852638957,D66,D66Voerendaal,D66,100,1,no
1729913110668532,D66,D66 Noord-Beveland,These ads ran without a disclaimer,100,2,yes
323187547697177,D66,D66 Losser,D66 Losser,100,1,no
1377280262539840,D66,D66 Lingewaard,D66,100,1,no
340028816030467,D66,D66 Overbetuwe,D66,100,1,no
1129208503774916,D66,D66 Soest-Soesterberg,These ads ran without a disclaimer,100,1,yes
160222337386850,D66,D66 Haarlemmermeer,These ads ran without a disclaimer,100,1,yes
359300587500364,D66,D66 Bommelerwaard,Tom Van Engelen,100,2,no
201821126683232,D66,D66 Waalre,These ads ran without a disclaimer,100,1,yes
225922380838567,D66,D66 Groningen,These ads ran without a disclaimer,100,2,yes
323187547697177,D66,D66 Losser,These ads ran without a disclaimer,100,1,yes
167333296705784,D66,D66Velsen,These ads ran without a disclaimer,100,1,yes
669422673069579,D66,D66 Diemen,These ads ran without a disclaimer,100,1,yes
197240740326073,D66,D66 Rotterdam,D66 Rotterdam,100,3,no
1248801595203744,D66,D66 Aalten-Dinxperlo,These ads ran without a disclaimer,100,1,yes
201175180237864,D66,D66 Nederweert,These ads ran without a disclaimer,100,1,yes
276183766599577,D66,D66 Midden-Brabant,These ads ran without a disclaimer,100,1,yes
113751728691400,D66,D66 Weesp,These ads ran without a disclaimer,100,1,yes
466120763493964,D66,D66 Bloemendaal,These ads ran without a disclaimer,100,2,yes
228095397350613,D66,D66 Leudal,D66 Leudal,100,2,no
1377280262539840,D66,D66 Lingewaard,These ads ran without a disclaimer,100,1,yes
1970145503263766,D66,D66 Beekdaelen,These ads ran without a disclaimer,100,1,yes
551955401505079,D66,D66 Middelburg,These ads ran without a disclaimer,100,1,yes
77106680798,D66,D66 Amersfoort,These ads ran without a disclaimer,100,1,yes
1287551678030330,D66,D66 Zundert,These ads ran without a disclaimer,100,1,yes
201175180237864,D66,D66 Nederweert,D66 Nederweert,100,2,no
155758593317,D66,D66 Den Haag,These ads ran without a disclaimer,100,1,yes
209381922872,D66,D66 Uitgeest,These ads ran without a disclaimer,100,1,yes
628289240576959,D66,D66 Boxtel,These ads ran without a disclaimer,100,1,yes
509188269199628,D66,D66 Heerlen,These ads ran without a disclaimer,100,1,yes
795630170492563,D66,D66 Son en Breugel,These ads ran without a disclaimer,100,1,yes
208483356011488,D66,D66 Heusden,These ads ran without a disclaimer,100,1,yes
109419847588993,VOLT NL,Volt Zeeland,Rob Van Olmen,100,4,no
2254339927992005,VOLT NL,voltnederland,These ads ran without a disclaimer,100,1,yes
448705809216110,VOLT NL,Volt Utrecht,These ads ran without a disclaimer,100,2,yes
110753764083012,VOLT NL,Volt Deventer,Volt Nederland,100,3,no
108120604060106,DENK,DENK Den Haag,These ads ran without a disclaimer,100,3,yes
628535584020989,DENK,DENK Eindhoven,These ads ran without a disclaimer,100,3,yes
1120197621364564,Henk Krol,Henk Krol,These ads ran without a disclaimer,100,2,yes
101124991879374,Splinter,Splinter,These ads ran without a disclaimer,100,1,yes
478982942635390,50PLUSpartij,50PLUSFlevoland,Marc Rooij,100,4,no
218046225000851,50PLUSpartij,50PLUS Gelderland,These ads ran without a disclaimer,100,2,yes
808087532599076,50PLUSpartij,50plus Noord Brabant,These ads ran without a disclaimer,100,2,yes
347623668624706,50PLUSpartij,50PLUSpartij,Bernadet Naber,100,4,no
279532979155439,50PLUSpartij,50plus Breda,These ads ran without a disclaimer,100,1,yes
1069373879746516,50PLUSpartij,50plus Tilburg,These ads ran without a disclaimer,100,2,yes
350083421777747,ChristenUnie,ChristenUnie Hoorn,Bram Buskoop,100,9,no
152432188110990,ChristenUnie,Wetenschappelijk Instituut ChristenUnie,These ads ran without a disclaimer,100,4,yes
1962270687342032,ChristenUnie,ChristenUnie-SGP Haarlemmermeer,These ads ran without a disclaimer,100,7,yes
331768960226513,ChristenUnie,ChristenUnie Utrecht,ChristenUnie Utrecht,100,10,no
384737181678824,ChristenUnie,ChristenUnie Ommen,Bert Klarenbeek,100,1,no
282108071911694,ChristenUnie,ChristenUnie Amsterdam,These ads ran without a disclaimer,100,3,yes
786969904752487,ChristenUnie,ChristenUnie Gooise Meren,ChristenUnie Gooise Meren,100,3,no
562357297179689,ChristenUnie,ChristenUnie Apeldoorn,ChristenUnie Apeldoorn,100,3,no
205242676331332,ChristenUnie,ChristenUnie  West Betuwe,These ads ran without a disclaimer,100,4,yes
1407071029524552,ChristenUnie,Christenunie Hardenberg,These ads ran without a disclaimer,100,1,yes
403943403087425,ChristenUnie,ChristenUnie Flevoland,These ads ran without a disclaimer,100,2,yes
243148232487383,ChristenUnie,ChristenUnie SGP Rotterdam,ChristenUnie-SGP Rotterdam,100,1,no
209648345740233,ChristenUnie,"PerspectieF, ChristenUnie-jongeren",These ads ran without a disclaimer,100,1,yes
242128959237930,ChristenUnie,ChristenUnie Ede,Daan Weststrate,100,2,no
157671251089913,ChristenUnie,ChristenUnie Zeeland,ChristenUnie Zeeland,100,3,no
1386401111662274,ChristenUnie,ChristenUnie provincie Groningen,ChristenUnie Provincie Groningen,100,2,no
415275778602417,ChristenUnie,ChristenUnie Elburg,Johannes Dickhof,100,5,no
349817395064360,ChristenUnie,ChristenUnie Ridderkerk,These ads ran without a disclaimer,100,1,yes
403943403087425,ChristenUnie,ChristenUnie Flevoland,Harold Hofstra,100,1,no
397594493709630,ChristenUnie,ChristenUnie Velsen,ChristenUnie Velsen,100,2,no
191350871367589,ChristenUnie,ChristenUnie Nieuwegein,These ads ran without a disclaimer,100,1,yes
191350871367589,ChristenUnie,ChristenUnie Nieuwegein,ChristenUnie Nieuwegein,100,1,no
1938971373084052,ChristenUnie,ChristenUnie Molenlanden,These ads ran without a disclaimer,100,1,yes
1420541648174558,ChristenUnie,Christenunie IJsselstein,ChristenUnie IJsselstein,100,2,no
169693763207431,ChristenUnie,ChristenUnie Rijssen-Holten,These ads ran without a disclaimer,100,2,yes
1994692877432938,ChristenUnie,ChristenUnie Amstelveen,These ads ran without a disclaimer,100,1,yes
371518953020043,ChristenUnie,ChristenUnie Lansingerland,These ads ran without a disclaimer,100,1,yes
388745857906285,ChristenUnie,ChristenUnie Barneveld,These ads ran without a disclaimer,100,1,yes
1000182456818319,ChristenUnie,ChristenUnie Hoeksche Waard,These ads ran without a disclaimer,100,1,yes
394558224722257,ChristenUnie,ChristenUnie Eemsdelta,These ads ran without a disclaimer,100,1,yes
384737181678824,ChristenUnie,ChristenUnie Ommen,These ads ran without a disclaimer,100,2,yes
553853824711422,ChristenUnie,Christenunie Harlingen,These ads ran without a disclaimer,100,1,yes
2282333235129671,Code Oranje,Code Oranje,Lorraine Groeneveld,100,1,no
125663380814227,Libertaire Partij - LP,Libertaire Partij - LP,Valentine Robert W,100,4,no
125663380814227,Libertaire Partij - LP,Libertaire Partij - LP,These ads ran without a disclaimer,100,4,yes
111834750560059,NLBeter,NLBeter,These ads ran without a disclaimer,100,2,yes
101854911791937,Wij zijn NL,Wij zijn NL,These ads ran without a disclaimer,100,1,yes
